[

    {
        "task": "Pay Salaries",
        "dept": "CEO",
        "time": "1:00pm"
    },
    {
        "task": "Pay Salaries",
        "dept": "COO",
        "time": "1:00pm"
    },
    {
        "task": "Pay Salaries",
        "dept": "Secretary",
        "time": "1:00pm"
    },
    {
        "task": "Pay Salaries",
        "dept": "Accountant",
        "time": "1:00pm"
    },
    {
        "task": "Pay Salaries",
        "dept": "Production Manager",
        "time": "1:00pm"
    }
]